,ds
0,2022-01-04
1,2022-01-05
2,2022-01-06
3,2022-01-07
4,2022-01-10
5,2022-01-11
6,2022-01-12
7,2022-01-13
8,2022-01-14
9,2022-01-17
10,2022-01-18
11,2022-01-19
12,2022-01-20
13,2022-01-21
14,2022-01-24
15,2022-01-25
16,2022-01-26
17,2022-01-27
18,2022-01-28
19,2022-01-31
20,2022-02-01
21,2022-02-02
22,2022-02-03
23,2022-02-04
24,2022-02-07
25,2022-02-08
26,2022-02-09
27,2022-02-10
28,2022-02-11
29,2022-02-14
30,2022-02-15
31,2022-02-16
32,2022-02-17
33,2022-02-18
34,2022-02-21
35,2022-02-22
36,2022-02-23
37,2022-02-24
38,2022-02-25
39,2022-02-28
40,2022-03-01
41,2022-03-02
42,2022-03-03
43,2022-03-04
44,2022-03-07
45,2022-03-08
46,2022-03-09
47,2022-03-10
48,2022-03-11
49,2022-03-14
50,2022-03-15
51,2022-03-16
52,2022-03-17
53,2022-03-18
54,2022-03-21
55,2022-03-22
56,2022-03-23
57,2022-03-24
58,2022-03-25
59,2022-03-28
60,2022-03-29
61,2022-03-30
